--------------------------------------------------------
--  File created - Thursday-May-30-2024   
--------------------------------------------------------
--------------------------------------------------------
--  DDL for Table CARRITO
--------------------------------------------------------

  CREATE TABLE "PROYECTF"."CARRITO" 
   (	"ID_CARRITO" NUMBER GENERATED BY DEFAULT AS IDENTITY MINVALUE 1 MAXVALUE 9999999999999999999999999999 INCREMENT BY 1 START WITH 1 CACHE 20 NOORDER  NOCYCLE  NOKEEP  NOSCALE , 
	"ID_USUARIO" NUMBER, 
	"FECHA_CREACION" TIMESTAMP (6) DEFAULT CURRENT_TIMESTAMP
   ) SEGMENT CREATION IMMEDIATE 
  PCTFREE 10 PCTUSED 40 INITRANS 1 MAXTRANS 255 
 NOCOMPRESS LOGGING
  STORAGE(INITIAL 65536 NEXT 1048576 MINEXTENTS 1 MAXEXTENTS 2147483645
  PCTINCREASE 0 FREELISTS 1 FREELIST GROUPS 1
  BUFFER_POOL DEFAULT FLASH_CACHE DEFAULT CELL_FLASH_CACHE DEFAULT)
  TABLESPACE "USERS" ;
--------------------------------------------------------
--  DDL for Table CATEGORIAS
--------------------------------------------------------

  CREATE TABLE "PROYECTF"."CATEGORIAS" 
   (	"ID_CATEGORIA" NUMBER GENERATED BY DEFAULT AS IDENTITY MINVALUE 1 MAXVALUE 9999999999999999999999999999 INCREMENT BY 1 START WITH 1 CACHE 20 NOORDER  NOCYCLE  NOKEEP  NOSCALE , 
	"NOMBRE_CATEGORIA" VARCHAR2(255 BYTE), 
	"DESCRIPCION" CLOB
   ) SEGMENT CREATION IMMEDIATE 
  PCTFREE 10 PCTUSED 40 INITRANS 1 MAXTRANS 255 
 NOCOMPRESS LOGGING
  STORAGE(INITIAL 65536 NEXT 1048576 MINEXTENTS 1 MAXEXTENTS 2147483645
  PCTINCREASE 0 FREELISTS 1 FREELIST GROUPS 1
  BUFFER_POOL DEFAULT FLASH_CACHE DEFAULT CELL_FLASH_CACHE DEFAULT)
  TABLESPACE "USERS" 
 LOB ("DESCRIPCION") STORE AS SECUREFILE (
  TABLESPACE "USERS" ENABLE STORAGE IN ROW 4000 CHUNK 8192
  NOCACHE LOGGING  NOCOMPRESS  KEEP_DUPLICATES 
  STORAGE(INITIAL 262144 NEXT 1048576 MINEXTENTS 1 MAXEXTENTS 2147483645
  PCTINCREASE 0
  BUFFER_POOL DEFAULT FLASH_CACHE DEFAULT CELL_FLASH_CACHE DEFAULT)) ;
--------------------------------------------------------
--  DDL for Table COLORES_PRODUCTOS
--------------------------------------------------------

  CREATE TABLE "PROYECTF"."COLORES_PRODUCTOS" 
   (	"ID_COLOR" NUMBER GENERATED BY DEFAULT AS IDENTITY MINVALUE 1 MAXVALUE 9999999999999999999999999999 INCREMENT BY 1 START WITH 1 CACHE 20 NOORDER  NOCYCLE  NOKEEP  NOSCALE , 
	"ID_PRODUCTO" NUMBER, 
	"COLOR" VARCHAR2(50 BYTE)
   ) SEGMENT CREATION IMMEDIATE 
  PCTFREE 10 PCTUSED 40 INITRANS 1 MAXTRANS 255 
 NOCOMPRESS LOGGING
  STORAGE(INITIAL 65536 NEXT 1048576 MINEXTENTS 1 MAXEXTENTS 2147483645
  PCTINCREASE 0 FREELISTS 1 FREELIST GROUPS 1
  BUFFER_POOL DEFAULT FLASH_CACHE DEFAULT CELL_FLASH_CACHE DEFAULT)
  TABLESPACE "USERS" ;
--------------------------------------------------------
--  DDL for Table DETALLES_CARRITO
--------------------------------------------------------

  CREATE TABLE "PROYECTF"."DETALLES_CARRITO" 
   (	"ID_CARRITO" NUMBER, 
	"ID_PRODUCTO" NUMBER, 
	"CANTIDAD" NUMBER
   ) SEGMENT CREATION IMMEDIATE 
  PCTFREE 10 PCTUSED 40 INITRANS 1 MAXTRANS 255 
 NOCOMPRESS LOGGING
  STORAGE(INITIAL 65536 NEXT 1048576 MINEXTENTS 1 MAXEXTENTS 2147483645
  PCTINCREASE 0 FREELISTS 1 FREELIST GROUPS 1
  BUFFER_POOL DEFAULT FLASH_CACHE DEFAULT CELL_FLASH_CACHE DEFAULT)
  TABLESPACE "USERS" ;
--------------------------------------------------------
--  DDL for Table DETALLES_TRANSACCION
--------------------------------------------------------

  CREATE TABLE "PROYECTF"."DETALLES_TRANSACCION" 
   (	"ID_TRANSACCION" NUMBER, 
	"ID_PRODUCTO" NUMBER, 
	"CANTIDAD" NUMBER, 
	"PRECIO_POR_UNIDAD" NUMBER(10,2)
   ) SEGMENT CREATION IMMEDIATE 
  PCTFREE 10 PCTUSED 40 INITRANS 1 MAXTRANS 255 
 NOCOMPRESS LOGGING
  STORAGE(INITIAL 65536 NEXT 1048576 MINEXTENTS 1 MAXEXTENTS 2147483645
  PCTINCREASE 0 FREELISTS 1 FREELIST GROUPS 1
  BUFFER_POOL DEFAULT FLASH_CACHE DEFAULT CELL_FLASH_CACHE DEFAULT)
  TABLESPACE "USERS" ;
--------------------------------------------------------
--  DDL for Table PRODUCTOS
--------------------------------------------------------

  CREATE TABLE "PROYECTF"."PRODUCTOS" 
   (	"ID_PRODUCTO" NUMBER GENERATED BY DEFAULT AS IDENTITY MINVALUE 1 MAXVALUE 9999999999999999999999999999 INCREMENT BY 1 START WITH 1 CACHE 20 NOORDER  NOCYCLE  NOKEEP  NOSCALE , 
	"NOMBRE" VARCHAR2(255 BYTE), 
	"DESCRIPCION" CLOB, 
	"PRECIO" NUMBER(10,2), 
	"CANTIDAD_EN_STOCK" NUMBER, 
	"CATEGORIA_ID" NUMBER
   ) SEGMENT CREATION IMMEDIATE 
  PCTFREE 10 PCTUSED 40 INITRANS 1 MAXTRANS 255 
 NOCOMPRESS LOGGING
  STORAGE(INITIAL 65536 NEXT 1048576 MINEXTENTS 1 MAXEXTENTS 2147483645
  PCTINCREASE 0 FREELISTS 1 FREELIST GROUPS 1
  BUFFER_POOL DEFAULT FLASH_CACHE DEFAULT CELL_FLASH_CACHE DEFAULT)
  TABLESPACE "USERS" 
 LOB ("DESCRIPCION") STORE AS SECUREFILE (
  TABLESPACE "USERS" ENABLE STORAGE IN ROW 4000 CHUNK 8192
  NOCACHE LOGGING  NOCOMPRESS  KEEP_DUPLICATES 
  STORAGE(INITIAL 262144 NEXT 1048576 MINEXTENTS 1 MAXEXTENTS 2147483645
  PCTINCREASE 0
  BUFFER_POOL DEFAULT FLASH_CACHE DEFAULT CELL_FLASH_CACHE DEFAULT)) ;
--------------------------------------------------------
--  DDL for Table RESENAS
--------------------------------------------------------

  CREATE TABLE "PROYECTF"."RESENAS" 
   (	"ID_RESENA" NUMBER GENERATED BY DEFAULT AS IDENTITY MINVALUE 1 MAXVALUE 9999999999999999999999999999 INCREMENT BY 1 START WITH 1 CACHE 20 NOORDER  NOCYCLE  NOKEEP  NOSCALE , 
	"ID_PRODUCTO" NUMBER, 
	"ID_USUARIO" NUMBER, 
	"COMENTARIO" CLOB, 
	"VALORACION" NUMBER
   ) SEGMENT CREATION DEFERRED 
  PCTFREE 10 PCTUSED 40 INITRANS 1 MAXTRANS 255 
 NOCOMPRESS LOGGING
  TABLESPACE "USERS" 
 LOB ("COMENTARIO") STORE AS SECUREFILE (
  TABLESPACE "USERS" ENABLE STORAGE IN ROW 4000 CHUNK 8192
  NOCACHE LOGGING  NOCOMPRESS  KEEP_DUPLICATES ) ;
--------------------------------------------------------
--  DDL for Table TRANSACCIONES
--------------------------------------------------------

  CREATE TABLE "PROYECTF"."TRANSACCIONES" 
   (	"ID_TRANSACCION" NUMBER GENERATED BY DEFAULT AS IDENTITY MINVALUE 1 MAXVALUE 9999999999999999999999999999 INCREMENT BY 1 START WITH 1 CACHE 20 NOORDER  NOCYCLE  NOKEEP  NOSCALE , 
	"ID_USUARIO" NUMBER, 
	"FECHA_TRANSACCION" TIMESTAMP (6) DEFAULT CURRENT_TIMESTAMP, 
	"TOTAL" NUMBER(10,2)
   ) SEGMENT CREATION IMMEDIATE 
  PCTFREE 10 PCTUSED 40 INITRANS 1 MAXTRANS 255 
 NOCOMPRESS LOGGING
  STORAGE(INITIAL 65536 NEXT 1048576 MINEXTENTS 1 MAXEXTENTS 2147483645
  PCTINCREASE 0 FREELISTS 1 FREELIST GROUPS 1
  BUFFER_POOL DEFAULT FLASH_CACHE DEFAULT CELL_FLASH_CACHE DEFAULT)
  TABLESPACE "USERS" ;
--------------------------------------------------------
--  DDL for Table USUARIOS
--------------------------------------------------------

  CREATE TABLE "PROYECTF"."USUARIOS" 
   (	"ID_USUARIO" NUMBER GENERATED BY DEFAULT AS IDENTITY MINVALUE 1 MAXVALUE 9999999999999999999999999999 INCREMENT BY 1 START WITH 1 CACHE 20 NOORDER  NOCYCLE  NOKEEP  NOSCALE , 
	"CORREO" VARCHAR2(255 BYTE), 
	"CONTRASEÑA" VARCHAR2(255 BYTE)
   ) SEGMENT CREATION IMMEDIATE 
  PCTFREE 10 PCTUSED 40 INITRANS 1 MAXTRANS 255 
 NOCOMPRESS LOGGING
  STORAGE(INITIAL 65536 NEXT 1048576 MINEXTENTS 1 MAXEXTENTS 2147483645
  PCTINCREASE 0 FREELISTS 1 FREELIST GROUPS 1
  BUFFER_POOL DEFAULT FLASH_CACHE DEFAULT CELL_FLASH_CACHE DEFAULT)
  TABLESPACE "USERS" ;
REM INSERTING into PROYECTF.CARRITO
SET DEFINE OFF;
Insert into PROYECTF.CARRITO (ID_CARRITO,ID_USUARIO,FECHA_CREACION) values (22,33,to_timestamp('30-MAY-24 12.31.08.282000000 AM','DD-MON-RR HH.MI.SSXFF AM'));
Insert into PROYECTF.CARRITO (ID_CARRITO,ID_USUARIO,FECHA_CREACION) values (23,35,to_timestamp('30-MAY-24 01.16.58.413000000 AM','DD-MON-RR HH.MI.SSXFF AM'));
Insert into PROYECTF.CARRITO (ID_CARRITO,ID_USUARIO,FECHA_CREACION) values (26,36,to_timestamp('30-MAY-24 02.03.48.474000000 AM','DD-MON-RR HH.MI.SSXFF AM'));
Insert into PROYECTF.CARRITO (ID_CARRITO,ID_USUARIO,FECHA_CREACION) values (27,36,to_timestamp('30-MAY-24 02.04.32.180000000 AM','DD-MON-RR HH.MI.SSXFF AM'));
Insert into PROYECTF.CARRITO (ID_CARRITO,ID_USUARIO,FECHA_CREACION) values (20,34,to_timestamp('30-MAY-24 12.15.45.077000000 AM','DD-MON-RR HH.MI.SSXFF AM'));
Insert into PROYECTF.CARRITO (ID_CARRITO,ID_USUARIO,FECHA_CREACION) values (21,34,to_timestamp('30-MAY-24 12.18.58.068000000 AM','DD-MON-RR HH.MI.SSXFF AM'));
Insert into PROYECTF.CARRITO (ID_CARRITO,ID_USUARIO,FECHA_CREACION) values (24,35,to_timestamp('30-MAY-24 01.19.16.814000000 AM','DD-MON-RR HH.MI.SSXFF AM'));
Insert into PROYECTF.CARRITO (ID_CARRITO,ID_USUARIO,FECHA_CREACION) values (25,35,to_timestamp('30-MAY-24 01.20.32.419000000 AM','DD-MON-RR HH.MI.SSXFF AM'));
Insert into PROYECTF.CARRITO (ID_CARRITO,ID_USUARIO,FECHA_CREACION) values (28,37,to_timestamp('30-MAY-24 04.12.42.063000000 PM','DD-MON-RR HH.MI.SSXFF AM'));
Insert into PROYECTF.CARRITO (ID_CARRITO,ID_USUARIO,FECHA_CREACION) values (18,33,to_timestamp('29-MAY-24 10.37.25.511000000 PM','DD-MON-RR HH.MI.SSXFF AM'));
Insert into PROYECTF.CARRITO (ID_CARRITO,ID_USUARIO,FECHA_CREACION) values (19,33,to_timestamp('29-MAY-24 11.08.18.880000000 PM','DD-MON-RR HH.MI.SSXFF AM'));
Insert into PROYECTF.CARRITO (ID_CARRITO,ID_USUARIO,FECHA_CREACION) values (29,37,to_timestamp('30-MAY-24 04.15.16.255000000 PM','DD-MON-RR HH.MI.SSXFF AM'));
REM INSERTING into PROYECTF.CATEGORIAS
SET DEFINE OFF;
Insert into PROYECTF.CATEGORIAS (ID_CATEGORIA,NOMBRE_CATEGORIA) values (1,'SOFAS');
Insert into PROYECTF.CATEGORIAS (ID_CATEGORIA,NOMBRE_CATEGORIA) values (2,'MESAS DE CENTRO');
Insert into PROYECTF.CATEGORIAS (ID_CATEGORIA,NOMBRE_CATEGORIA) values (3,'SILLONES');
REM INSERTING into PROYECTF.COLORES_PRODUCTOS
SET DEFINE OFF;
Insert into PROYECTF.COLORES_PRODUCTOS (ID_COLOR,ID_PRODUCTO,COLOR) values (1,1,'Negro');
Insert into PROYECTF.COLORES_PRODUCTOS (ID_COLOR,ID_PRODUCTO,COLOR) values (2,1,'Gris');
Insert into PROYECTF.COLORES_PRODUCTOS (ID_COLOR,ID_PRODUCTO,COLOR) values (3,2,'Blanco');
Insert into PROYECTF.COLORES_PRODUCTOS (ID_COLOR,ID_PRODUCTO,COLOR) values (4,2,'Azul');
Insert into PROYECTF.COLORES_PRODUCTOS (ID_COLOR,ID_PRODUCTO,COLOR) values (5,3,'Marrón');
Insert into PROYECTF.COLORES_PRODUCTOS (ID_COLOR,ID_PRODUCTO,COLOR) values (6,3,'Negro');
Insert into PROYECTF.COLORES_PRODUCTOS (ID_COLOR,ID_PRODUCTO,COLOR) values (7,4,'Blanco');
Insert into PROYECTF.COLORES_PRODUCTOS (ID_COLOR,ID_PRODUCTO,COLOR) values (8,4,'Gris');
Insert into PROYECTF.COLORES_PRODUCTOS (ID_COLOR,ID_PRODUCTO,COLOR) values (9,5,'Azul');
Insert into PROYECTF.COLORES_PRODUCTOS (ID_COLOR,ID_PRODUCTO,COLOR) values (10,5,'Verde');
Insert into PROYECTF.COLORES_PRODUCTOS (ID_COLOR,ID_PRODUCTO,COLOR) values (11,6,'Marrón');
Insert into PROYECTF.COLORES_PRODUCTOS (ID_COLOR,ID_PRODUCTO,COLOR) values (12,6,'Rojo');
Insert into PROYECTF.COLORES_PRODUCTOS (ID_COLOR,ID_PRODUCTO,COLOR) values (13,7,'Negro');
Insert into PROYECTF.COLORES_PRODUCTOS (ID_COLOR,ID_PRODUCTO,COLOR) values (14,7,'Blanco');
Insert into PROYECTF.COLORES_PRODUCTOS (ID_COLOR,ID_PRODUCTO,COLOR) values (15,8,'Gris');
Insert into PROYECTF.COLORES_PRODUCTOS (ID_COLOR,ID_PRODUCTO,COLOR) values (16,8,'Azul');
Insert into PROYECTF.COLORES_PRODUCTOS (ID_COLOR,ID_PRODUCTO,COLOR) values (17,9,'Marrón');
Insert into PROYECTF.COLORES_PRODUCTOS (ID_COLOR,ID_PRODUCTO,COLOR) values (18,9,'Blanco');
Insert into PROYECTF.COLORES_PRODUCTOS (ID_COLOR,ID_PRODUCTO,COLOR) values (19,10,'Negro');
Insert into PROYECTF.COLORES_PRODUCTOS (ID_COLOR,ID_PRODUCTO,COLOR) values (20,10,'Marrón');
Insert into PROYECTF.COLORES_PRODUCTOS (ID_COLOR,ID_PRODUCTO,COLOR) values (21,11,'Blanco');
Insert into PROYECTF.COLORES_PRODUCTOS (ID_COLOR,ID_PRODUCTO,COLOR) values (22,11,'Gris');
Insert into PROYECTF.COLORES_PRODUCTOS (ID_COLOR,ID_PRODUCTO,COLOR) values (23,12,'Negro');
Insert into PROYECTF.COLORES_PRODUCTOS (ID_COLOR,ID_PRODUCTO,COLOR) values (24,12,'Azul');
Insert into PROYECTF.COLORES_PRODUCTOS (ID_COLOR,ID_PRODUCTO,COLOR) values (25,13,'Marrón');
Insert into PROYECTF.COLORES_PRODUCTOS (ID_COLOR,ID_PRODUCTO,COLOR) values (26,13,'Verde');
Insert into PROYECTF.COLORES_PRODUCTOS (ID_COLOR,ID_PRODUCTO,COLOR) values (27,14,'Blanco');
Insert into PROYECTF.COLORES_PRODUCTOS (ID_COLOR,ID_PRODUCTO,COLOR) values (28,14,'Rojo');
Insert into PROYECTF.COLORES_PRODUCTOS (ID_COLOR,ID_PRODUCTO,COLOR) values (29,15,'Negro');
Insert into PROYECTF.COLORES_PRODUCTOS (ID_COLOR,ID_PRODUCTO,COLOR) values (30,15,'Marrón');
Insert into PROYECTF.COLORES_PRODUCTOS (ID_COLOR,ID_PRODUCTO,COLOR) values (31,16,'Gris');
Insert into PROYECTF.COLORES_PRODUCTOS (ID_COLOR,ID_PRODUCTO,COLOR) values (32,16,'Azul');
Insert into PROYECTF.COLORES_PRODUCTOS (ID_COLOR,ID_PRODUCTO,COLOR) values (33,17,'Blanco');
Insert into PROYECTF.COLORES_PRODUCTOS (ID_COLOR,ID_PRODUCTO,COLOR) values (34,17,'Negro');
Insert into PROYECTF.COLORES_PRODUCTOS (ID_COLOR,ID_PRODUCTO,COLOR) values (35,18,'Gris');
Insert into PROYECTF.COLORES_PRODUCTOS (ID_COLOR,ID_PRODUCTO,COLOR) values (36,18,'Marrón');
Insert into PROYECTF.COLORES_PRODUCTOS (ID_COLOR,ID_PRODUCTO,COLOR) values (37,19,'Rojo');
Insert into PROYECTF.COLORES_PRODUCTOS (ID_COLOR,ID_PRODUCTO,COLOR) values (38,19,'Azul');
Insert into PROYECTF.COLORES_PRODUCTOS (ID_COLOR,ID_PRODUCTO,COLOR) values (39,20,'Verde');
Insert into PROYECTF.COLORES_PRODUCTOS (ID_COLOR,ID_PRODUCTO,COLOR) values (40,20,'Amarillo');
Insert into PROYECTF.COLORES_PRODUCTOS (ID_COLOR,ID_PRODUCTO,COLOR) values (41,21,'Negro');
Insert into PROYECTF.COLORES_PRODUCTOS (ID_COLOR,ID_PRODUCTO,COLOR) values (42,21,'Blanco');
Insert into PROYECTF.COLORES_PRODUCTOS (ID_COLOR,ID_PRODUCTO,COLOR) values (43,22,'Gris');
Insert into PROYECTF.COLORES_PRODUCTOS (ID_COLOR,ID_PRODUCTO,COLOR) values (44,22,'Azul');
Insert into PROYECTF.COLORES_PRODUCTOS (ID_COLOR,ID_PRODUCTO,COLOR) values (45,23,'Marrón');
Insert into PROYECTF.COLORES_PRODUCTOS (ID_COLOR,ID_PRODUCTO,COLOR) values (46,23,'Verde');
Insert into PROYECTF.COLORES_PRODUCTOS (ID_COLOR,ID_PRODUCTO,COLOR) values (47,24,'Negro');
Insert into PROYECTF.COLORES_PRODUCTOS (ID_COLOR,ID_PRODUCTO,COLOR) values (48,24,'Blanco');
REM INSERTING into PROYECTF.DETALLES_CARRITO
SET DEFINE OFF;
Insert into PROYECTF.DETALLES_CARRITO (ID_CARRITO,ID_PRODUCTO,CANTIDAD) values (22,10,1);
Insert into PROYECTF.DETALLES_CARRITO (ID_CARRITO,ID_PRODUCTO,CANTIDAD) values (22,11,1);
Insert into PROYECTF.DETALLES_CARRITO (ID_CARRITO,ID_PRODUCTO,CANTIDAD) values (25,10,1);
Insert into PROYECTF.DETALLES_CARRITO (ID_CARRITO,ID_PRODUCTO,CANTIDAD) values (25,11,1);
Insert into PROYECTF.DETALLES_CARRITO (ID_CARRITO,ID_PRODUCTO,CANTIDAD) values (25,12,1);
REM INSERTING into PROYECTF.DETALLES_TRANSACCION
SET DEFINE OFF;
Insert into PROYECTF.DETALLES_TRANSACCION (ID_TRANSACCION,ID_PRODUCTO,CANTIDAD,PRECIO_POR_UNIDAD) values (10,11,2,280);
Insert into PROYECTF.DETALLES_TRANSACCION (ID_TRANSACCION,ID_PRODUCTO,CANTIDAD,PRECIO_POR_UNIDAD) values (13,19,1,1500);
Insert into PROYECTF.DETALLES_TRANSACCION (ID_TRANSACCION,ID_PRODUCTO,CANTIDAD,PRECIO_POR_UNIDAD) values (15,20,1,1100);
Insert into PROYECTF.DETALLES_TRANSACCION (ID_TRANSACCION,ID_PRODUCTO,CANTIDAD,PRECIO_POR_UNIDAD) values (15,19,1,1500);
Insert into PROYECTF.DETALLES_TRANSACCION (ID_TRANSACCION,ID_PRODUCTO,CANTIDAD,PRECIO_POR_UNIDAD) values (15,18,1,1400);
Insert into PROYECTF.DETALLES_TRANSACCION (ID_TRANSACCION,ID_PRODUCTO,CANTIDAD,PRECIO_POR_UNIDAD) values (17,6,1,1600);
Insert into PROYECTF.DETALLES_TRANSACCION (ID_TRANSACCION,ID_PRODUCTO,CANTIDAD,PRECIO_POR_UNIDAD) values (17,7,1,1250);
Insert into PROYECTF.DETALLES_TRANSACCION (ID_TRANSACCION,ID_PRODUCTO,CANTIDAD,PRECIO_POR_UNIDAD) values (17,8,1,1350);
Insert into PROYECTF.DETALLES_TRANSACCION (ID_TRANSACCION,ID_PRODUCTO,CANTIDAD,PRECIO_POR_UNIDAD) values (5,11,2,280);
Insert into PROYECTF.DETALLES_TRANSACCION (ID_TRANSACCION,ID_PRODUCTO,CANTIDAD,PRECIO_POR_UNIDAD) values (5,10,1,320);
Insert into PROYECTF.DETALLES_TRANSACCION (ID_TRANSACCION,ID_PRODUCTO,CANTIDAD,PRECIO_POR_UNIDAD) values (12,12,1,350);
Insert into PROYECTF.DETALLES_TRANSACCION (ID_TRANSACCION,ID_PRODUCTO,CANTIDAD,PRECIO_POR_UNIDAD) values (12,11,1,280);
Insert into PROYECTF.DETALLES_TRANSACCION (ID_TRANSACCION,ID_PRODUCTO,CANTIDAD,PRECIO_POR_UNIDAD) values (1,11,1,280);
Insert into PROYECTF.DETALLES_TRANSACCION (ID_TRANSACCION,ID_PRODUCTO,CANTIDAD,PRECIO_POR_UNIDAD) values (1,10,1,320);
Insert into PROYECTF.DETALLES_TRANSACCION (ID_TRANSACCION,ID_PRODUCTO,CANTIDAD,PRECIO_POR_UNIDAD) values (2,20,1,1100);
Insert into PROYECTF.DETALLES_TRANSACCION (ID_TRANSACCION,ID_PRODUCTO,CANTIDAD,PRECIO_POR_UNIDAD) values (2,12,2,350);
Insert into PROYECTF.DETALLES_TRANSACCION (ID_TRANSACCION,ID_PRODUCTO,CANTIDAD,PRECIO_POR_UNIDAD) values (20,2,1,1400);
Insert into PROYECTF.DETALLES_TRANSACCION (ID_TRANSACCION,ID_PRODUCTO,CANTIDAD,PRECIO_POR_UNIDAD) values (20,3,1,1300);
Insert into PROYECTF.DETALLES_TRANSACCION (ID_TRANSACCION,ID_PRODUCTO,CANTIDAD,PRECIO_POR_UNIDAD) values (20,1,1,1500);
REM INSERTING into PROYECTF.PRODUCTOS
SET DEFINE OFF;
Insert into PROYECTF.PRODUCTOS (ID_PRODUCTO,NOMBRE,PRECIO,CANTIDAD_EN_STOCK,CATEGORIA_ID) values (1,'Sofa York',1500,10,1);
Insert into PROYECTF.PRODUCTOS (ID_PRODUCTO,NOMBRE,PRECIO,CANTIDAD_EN_STOCK,CATEGORIA_ID) values (2,'Sofa Paris',1400,8,1);
Insert into PROYECTF.PRODUCTOS (ID_PRODUCTO,NOMBRE,PRECIO,CANTIDAD_EN_STOCK,CATEGORIA_ID) values (3,'Sofa Londres',1300,5,1);
Insert into PROYECTF.PRODUCTOS (ID_PRODUCTO,NOMBRE,PRECIO,CANTIDAD_EN_STOCK,CATEGORIA_ID) values (4,'Sofa Tokyo',1200,7,1);
Insert into PROYECTF.PRODUCTOS (ID_PRODUCTO,NOMBRE,PRECIO,CANTIDAD_EN_STOCK,CATEGORIA_ID) values (5,'Sofa Sidney',1100,6,1);
Insert into PROYECTF.PRODUCTOS (ID_PRODUCTO,NOMBRE,PRECIO,CANTIDAD_EN_STOCK,CATEGORIA_ID) values (6,'Sofa Roma',1600,4,1);
Insert into PROYECTF.PRODUCTOS (ID_PRODUCTO,NOMBRE,PRECIO,CANTIDAD_EN_STOCK,CATEGORIA_ID) values (7,'Sofa Berlin',1250,9,1);
Insert into PROYECTF.PRODUCTOS (ID_PRODUCTO,NOMBRE,PRECIO,CANTIDAD_EN_STOCK,CATEGORIA_ID) values (8,'Sofa Madrid',1350,5,1);
Insert into PROYECTF.PRODUCTOS (ID_PRODUCTO,NOMBRE,PRECIO,CANTIDAD_EN_STOCK,CATEGORIA_ID) values (9,'Mesa Ebano',300,15,2);
Insert into PROYECTF.PRODUCTOS (ID_PRODUCTO,NOMBRE,PRECIO,CANTIDAD_EN_STOCK,CATEGORIA_ID) values (10,'Mesa Roble',320,10,2);
Insert into PROYECTF.PRODUCTOS (ID_PRODUCTO,NOMBRE,PRECIO,CANTIDAD_EN_STOCK,CATEGORIA_ID) values (11,'Mesa Marfil',280,8,2);
Insert into PROYECTF.PRODUCTOS (ID_PRODUCTO,NOMBRE,PRECIO,CANTIDAD_EN_STOCK,CATEGORIA_ID) values (12,'Mesa Onix',350,7,2);
Insert into PROYECTF.PRODUCTOS (ID_PRODUCTO,NOMBRE,PRECIO,CANTIDAD_EN_STOCK,CATEGORIA_ID) values (13,'Mesa Acacia',290,12,2);
Insert into PROYECTF.PRODUCTOS (ID_PRODUCTO,NOMBRE,PRECIO,CANTIDAD_EN_STOCK,CATEGORIA_ID) values (14,'Mesa Nogal',310,9,2);
Insert into PROYECTF.PRODUCTOS (ID_PRODUCTO,NOMBRE,PRECIO,CANTIDAD_EN_STOCK,CATEGORIA_ID) values (15,'Mesa Cedro',330,6,2);
Insert into PROYECTF.PRODUCTOS (ID_PRODUCTO,NOMBRE,PRECIO,CANTIDAD_EN_STOCK,CATEGORIA_ID) values (16,'Mesa Haya',270,11,2);
Insert into PROYECTF.PRODUCTOS (ID_PRODUCTO,NOMBRE,PRECIO,CANTIDAD_EN_STOCK,CATEGORIA_ID) values (17,'Sillon Nube',1200,12,3);
Insert into PROYECTF.PRODUCTOS (ID_PRODUCTO,NOMBRE,PRECIO,CANTIDAD_EN_STOCK,CATEGORIA_ID) values (18,'Sillon Libro',1400,10,3);
Insert into PROYECTF.PRODUCTOS (ID_PRODUCTO,NOMBRE,PRECIO,CANTIDAD_EN_STOCK,CATEGORIA_ID) values (19,'Sillon Lux',1500,8,3);
Insert into PROYECTF.PRODUCTOS (ID_PRODUCTO,NOMBRE,PRECIO,CANTIDAD_EN_STOCK,CATEGORIA_ID) values (20,'Sillon Versatil',1100,15,3);
Insert into PROYECTF.PRODUCTOS (ID_PRODUCTO,NOMBRE,PRECIO,CANTIDAD_EN_STOCK,CATEGORIA_ID) values (21,'Sillon Eternidad',1300,5,3);
Insert into PROYECTF.PRODUCTOS (ID_PRODUCTO,NOMBRE,PRECIO,CANTIDAD_EN_STOCK,CATEGORIA_ID) values (22,'Sillon Innovador',1600,7,3);
Insert into PROYECTF.PRODUCTOS (ID_PRODUCTO,NOMBRE,PRECIO,CANTIDAD_EN_STOCK,CATEGORIA_ID) values (23,'Sillon Artistico',1450,6,3);
Insert into PROYECTF.PRODUCTOS (ID_PRODUCTO,NOMBRE,PRECIO,CANTIDAD_EN_STOCK,CATEGORIA_ID) values (24,'Sillon Cine',1700,9,3);
REM INSERTING into PROYECTF.RESENAS
SET DEFINE OFF;
REM INSERTING into PROYECTF.TRANSACCIONES
SET DEFINE OFF;
Insert into PROYECTF.TRANSACCIONES (ID_TRANSACCION,ID_USUARIO,FECHA_TRANSACCION,TOTAL) values (10,35,to_timestamp('30-MAY-24 01.17.04.000000000 AM','DD-MON-RR HH.MI.SSXFF AM'),560);
Insert into PROYECTF.TRANSACCIONES (ID_TRANSACCION,ID_USUARIO,FECHA_TRANSACCION,TOTAL) values (13,36,to_timestamp('30-MAY-24 02.04.06.000000000 AM','DD-MON-RR HH.MI.SSXFF AM'),2600);
Insert into PROYECTF.TRANSACCIONES (ID_TRANSACCION,ID_USUARIO,FECHA_TRANSACCION,TOTAL) values (14,36,to_timestamp('30-MAY-24 02.04.23.000000000 AM','DD-MON-RR HH.MI.SSXFF AM'),0);
Insert into PROYECTF.TRANSACCIONES (ID_TRANSACCION,ID_USUARIO,FECHA_TRANSACCION,TOTAL) values (15,36,to_timestamp('30-MAY-24 02.04.46.000000000 AM','DD-MON-RR HH.MI.SSXFF AM'),4000);
Insert into PROYECTF.TRANSACCIONES (ID_TRANSACCION,ID_USUARIO,FECHA_TRANSACCION,TOTAL) values (16,36,to_timestamp('30-MAY-24 02.05.13.000000000 AM','DD-MON-RR HH.MI.SSXFF AM'),4000);
Insert into PROYECTF.TRANSACCIONES (ID_TRANSACCION,ID_USUARIO,FECHA_TRANSACCION,TOTAL) values (17,37,to_timestamp('30-MAY-24 04.14.16.000000000 PM','DD-MON-RR HH.MI.SSXFF AM'),4200);
Insert into PROYECTF.TRANSACCIONES (ID_TRANSACCION,ID_USUARIO,FECHA_TRANSACCION,TOTAL) values (18,37,to_timestamp('30-MAY-24 04.14.56.000000000 PM','DD-MON-RR HH.MI.SSXFF AM'),4200);
Insert into PROYECTF.TRANSACCIONES (ID_TRANSACCION,ID_USUARIO,FECHA_TRANSACCION,TOTAL) values (19,37,to_timestamp('30-MAY-24 04.15.01.000000000 PM','DD-MON-RR HH.MI.SSXFF AM'),4200);
Insert into PROYECTF.TRANSACCIONES (ID_TRANSACCION,ID_USUARIO,FECHA_TRANSACCION,TOTAL) values (3,34,to_timestamp('30-MAY-24 12.17.33.000000000 AM','DD-MON-RR HH.MI.SSXFF AM'),1140);
Insert into PROYECTF.TRANSACCIONES (ID_TRANSACCION,ID_USUARIO,FECHA_TRANSACCION,TOTAL) values (4,34,to_timestamp('30-MAY-24 12.18.10.000000000 AM','DD-MON-RR HH.MI.SSXFF AM'),1140);
Insert into PROYECTF.TRANSACCIONES (ID_TRANSACCION,ID_USUARIO,FECHA_TRANSACCION,TOTAL) values (5,34,to_timestamp('30-MAY-24 12.19.05.000000000 AM','DD-MON-RR HH.MI.SSXFF AM'),880);
Insert into PROYECTF.TRANSACCIONES (ID_TRANSACCION,ID_USUARIO,FECHA_TRANSACCION,TOTAL) values (6,34,to_timestamp('30-MAY-24 12.19.08.000000000 AM','DD-MON-RR HH.MI.SSXFF AM'),880);
Insert into PROYECTF.TRANSACCIONES (ID_TRANSACCION,ID_USUARIO,FECHA_TRANSACCION,TOTAL) values (7,33,to_timestamp('30-MAY-24 12.27.14.000000000 AM','DD-MON-RR HH.MI.SSXFF AM'),0);
Insert into PROYECTF.TRANSACCIONES (ID_TRANSACCION,ID_USUARIO,FECHA_TRANSACCION,TOTAL) values (8,33,to_timestamp('30-MAY-24 01.01.47.000000000 AM','DD-MON-RR HH.MI.SSXFF AM'),600);
Insert into PROYECTF.TRANSACCIONES (ID_TRANSACCION,ID_USUARIO,FECHA_TRANSACCION,TOTAL) values (9,33,to_timestamp('30-MAY-24 01.01.51.000000000 AM','DD-MON-RR HH.MI.SSXFF AM'),600);
Insert into PROYECTF.TRANSACCIONES (ID_TRANSACCION,ID_USUARIO,FECHA_TRANSACCION,TOTAL) values (11,35,to_timestamp('30-MAY-24 01.19.01.000000000 AM','DD-MON-RR HH.MI.SSXFF AM'),560);
Insert into PROYECTF.TRANSACCIONES (ID_TRANSACCION,ID_USUARIO,FECHA_TRANSACCION,TOTAL) values (12,35,to_timestamp('30-MAY-24 01.19.37.000000000 AM','DD-MON-RR HH.MI.SSXFF AM'),630);
Insert into PROYECTF.TRANSACCIONES (ID_TRANSACCION,ID_USUARIO,FECHA_TRANSACCION,TOTAL) values (1,33,to_timestamp('29-MAY-24 11.08.26.000000000 PM','DD-MON-RR HH.MI.SSXFF AM'),2400);
Insert into PROYECTF.TRANSACCIONES (ID_TRANSACCION,ID_USUARIO,FECHA_TRANSACCION,TOTAL) values (2,33,to_timestamp('29-MAY-24 11.08.45.000000000 PM','DD-MON-RR HH.MI.SSXFF AM'),1800);
Insert into PROYECTF.TRANSACCIONES (ID_TRANSACCION,ID_USUARIO,FECHA_TRANSACCION,TOTAL) values (20,37,to_timestamp('30-MAY-24 04.15.26.000000000 PM','DD-MON-RR HH.MI.SSXFF AM'),4200);
REM INSERTING into PROYECTF.USUARIOS
SET DEFINE OFF;
Insert into PROYECTF.USUARIOS (ID_USUARIO,CORREO,"CONTRASEÑA") values (1,'abrilcarrito@gmail.com','1');
Insert into PROYECTF.USUARIOS (ID_USUARIO,CORREO,"CONTRASEÑA") values (2,'cartest@gmail.com','sgame360');
Insert into PROYECTF.USUARIOS (ID_USUARIO,CORREO,"CONTRASEÑA") values (3,'test0or1''02t@gmail.com','sgame360');
Insert into PROYECTF.USUARIOS (ID_USUARIO,CORREO,"CONTRASEÑA") values (4,'testPUTOCARRO@gmail.com','sgame360');
Insert into PROYECTF.USUARIOS (ID_USUARIO,CORREO,"CONTRASEÑA") values (5,'testpalcarro@gmail.com','sgame360');
Insert into PROYECTF.USUARIOS (ID_USUARIO,CORREO,"CONTRASEÑA") values (6,'test90@gmail.com','sgame360');
Insert into PROYECTF.USUARIOS (ID_USUARIO,CORREO,"CONTRASEÑA") values (7,'testtest3@gmail.com','sgame360');
Insert into PROYECTF.USUARIOS (ID_USUARIO,CORREO,"CONTRASEÑA") values (8,'ahorasitest@gmail.com','sgame360');
Insert into PROYECTF.USUARIOS (ID_USUARIO,CORREO,"CONTRASEÑA") values (9,'testtest123@gmail.com','sgame360');
Insert into PROYECTF.USUARIOS (ID_USUARIO,CORREO,"CONTRASEÑA") values (10,'test5125@gmail.com','sgame360');
Insert into PROYECTF.USUARIOS (ID_USUARIO,CORREO,"CONTRASEÑA") values (11,'popopop@gmail.com','sgame360');
Insert into PROYECTF.USUARIOS (ID_USUARIO,CORREO,"CONTRASEÑA") values (12,'alv@gmail.com','sgame360');
Insert into PROYECTF.USUARIOS (ID_USUARIO,CORREO,"CONTRASEÑA") values (13,'testojijjooijoj@gmail.com','sgame360');
Insert into PROYECTF.USUARIOS (ID_USUARIO,CORREO,"CONTRASEÑA") values (14,'test67@gmail.com','sgame360');
Insert into PROYECTF.USUARIOS (ID_USUARIO,CORREO,"CONTRASEÑA") values (15,'test@567gmail.com','sgame360');
Insert into PROYECTF.USUARIOS (ID_USUARIO,CORREO,"CONTRASEÑA") values (16,'iajsb@gmail.com','nuncuf-8kevvU-hadgas');
Insert into PROYECTF.USUARIOS (ID_USUARIO,CORREO,"CONTRASEÑA") values (17,'iguana@gmail.com','pepe110');
Insert into PROYECTF.USUARIOS (ID_USUARIO,CORREO,"CONTRASEÑA") values (18,'carritoq@test.cok','apa');
Insert into PROYECTF.USUARIOS (ID_USUARIO,CORREO,"CONTRASEÑA") values (19,'testcarro124@gmail.com','sgame360');
Insert into PROYECTF.USUARIOS (ID_USUARIO,CORREO,"CONTRASEÑA") values (20,'ultimotest@gmail.com','sgame360');
Insert into PROYECTF.USUARIOS (ID_USUARIO,CORREO,"CONTRASEÑA") values (21,'test@gmail.com','sgame360');
Insert into PROYECTF.USUARIOS (ID_USUARIO,CORREO,"CONTRASEÑA") values (22,'test@gmail.com1','sgame360');
Insert into PROYECTF.USUARIOS (ID_USUARIO,CORREO,"CONTRASEÑA") values (23,'test@tesg.com','sgame360');
Insert into PROYECTF.USUARIOS (ID_USUARIO,CORREO,"CONTRASEÑA") values (24,'testprod@gmail.com','sgame360');
Insert into PROYECTF.USUARIOS (ID_USUARIO,CORREO,"CONTRASEÑA") values (25,'sergioramospy@gmail.com','sgame360');
Insert into PROYECTF.USUARIOS (ID_USUARIO,CORREO,"CONTRASEÑA") values (26,'testcar@car.com','1234');
Insert into PROYECTF.USUARIOS (ID_USUARIO,CORREO,"CONTRASEÑA") values (27,'hola@gmail.com','sgame360');
Insert into PROYECTF.USUARIOS (ID_USUARIO,CORREO,"CONTRASEÑA") values (28,'USUARIOSESION@gmail.com','sgame360');
Insert into PROYECTF.USUARIOS (ID_USUARIO,CORREO,"CONTRASEÑA") values (29,'alv@1.com','1');
Insert into PROYECTF.USUARIOS (ID_USUARIO,CORREO,"CONTRASEÑA") values (30,'alv2@2.com','sgame360');
Insert into PROYECTF.USUARIOS (ID_USUARIO,CORREO,"CONTRASEÑA") values (31,'abrilvazques@gmail.com','game360');
Insert into PROYECTF.USUARIOS (ID_USUARIO,CORREO,"CONTRASEÑA") values (32,'testregister@gmail.com','sgame3');
Insert into PROYECTF.USUARIOS (ID_USUARIO,CORREO,"CONTRASEÑA") values (34,'dani@gmail.com','123');
Insert into PROYECTF.USUARIOS (ID_USUARIO,CORREO,"CONTRASEÑA") values (35,'gatito1234@gmail.com','123');
Insert into PROYECTF.USUARIOS (ID_USUARIO,CORREO,"CONTRASEÑA") values (36,'lalokush@gmail.com','123');
Insert into PROYECTF.USUARIOS (ID_USUARIO,CORREO,"CONTRASEÑA") values (33,'gatito123@gmail.com','123');
Insert into PROYECTF.USUARIOS (ID_USUARIO,CORREO,"CONTRASEÑA") values (37,'basededatos@gmail.com','1234');
--------------------------------------------------------
--  Constraints for Table DETALLES_TRANSACCION
--------------------------------------------------------

  ALTER TABLE "PROYECTF"."DETALLES_TRANSACCION" ADD PRIMARY KEY ("ID_TRANSACCION", "ID_PRODUCTO")
  USING INDEX PCTFREE 10 INITRANS 2 MAXTRANS 255 
  STORAGE(INITIAL 65536 NEXT 1048576 MINEXTENTS 1 MAXEXTENTS 2147483645
  PCTINCREASE 0 FREELISTS 1 FREELIST GROUPS 1
  BUFFER_POOL DEFAULT FLASH_CACHE DEFAULT CELL_FLASH_CACHE DEFAULT)
  TABLESPACE "USERS"  ENABLE;
--------------------------------------------------------
--  Constraints for Table USUARIOS
--------------------------------------------------------

  ALTER TABLE "PROYECTF"."USUARIOS" MODIFY ("ID_USUARIO" NOT NULL ENABLE);
  ALTER TABLE "PROYECTF"."USUARIOS" MODIFY ("CORREO" NOT NULL ENABLE);
  ALTER TABLE "PROYECTF"."USUARIOS" MODIFY ("CONTRASEÑA" NOT NULL ENABLE);
  ALTER TABLE "PROYECTF"."USUARIOS" ADD PRIMARY KEY ("ID_USUARIO")
  USING INDEX PCTFREE 10 INITRANS 2 MAXTRANS 255 
  STORAGE(INITIAL 65536 NEXT 1048576 MINEXTENTS 1 MAXEXTENTS 2147483645
  PCTINCREASE 0 FREELISTS 1 FREELIST GROUPS 1
  BUFFER_POOL DEFAULT FLASH_CACHE DEFAULT CELL_FLASH_CACHE DEFAULT)
  TABLESPACE "USERS"  ENABLE;
--------------------------------------------------------
--  Constraints for Table CARRITO
--------------------------------------------------------

  ALTER TABLE "PROYECTF"."CARRITO" MODIFY ("ID_CARRITO" NOT NULL ENABLE);
  ALTER TABLE "PROYECTF"."CARRITO" ADD PRIMARY KEY ("ID_CARRITO")
  USING INDEX PCTFREE 10 INITRANS 2 MAXTRANS 255 
  STORAGE(INITIAL 65536 NEXT 1048576 MINEXTENTS 1 MAXEXTENTS 2147483645
  PCTINCREASE 0 FREELISTS 1 FREELIST GROUPS 1
  BUFFER_POOL DEFAULT FLASH_CACHE DEFAULT CELL_FLASH_CACHE DEFAULT)
  TABLESPACE "USERS"  ENABLE;
--------------------------------------------------------
--  Constraints for Table CATEGORIAS
--------------------------------------------------------

  ALTER TABLE "PROYECTF"."CATEGORIAS" MODIFY ("ID_CATEGORIA" NOT NULL ENABLE);
  ALTER TABLE "PROYECTF"."CATEGORIAS" MODIFY ("NOMBRE_CATEGORIA" NOT NULL ENABLE);
  ALTER TABLE "PROYECTF"."CATEGORIAS" ADD PRIMARY KEY ("ID_CATEGORIA")
  USING INDEX PCTFREE 10 INITRANS 2 MAXTRANS 255 
  STORAGE(INITIAL 65536 NEXT 1048576 MINEXTENTS 1 MAXEXTENTS 2147483645
  PCTINCREASE 0 FREELISTS 1 FREELIST GROUPS 1
  BUFFER_POOL DEFAULT FLASH_CACHE DEFAULT CELL_FLASH_CACHE DEFAULT)
  TABLESPACE "USERS"  ENABLE;
--------------------------------------------------------
--  Constraints for Table TRANSACCIONES
--------------------------------------------------------

  ALTER TABLE "PROYECTF"."TRANSACCIONES" MODIFY ("ID_TRANSACCION" NOT NULL ENABLE);
  ALTER TABLE "PROYECTF"."TRANSACCIONES" ADD PRIMARY KEY ("ID_TRANSACCION")
  USING INDEX PCTFREE 10 INITRANS 2 MAXTRANS 255 
  STORAGE(INITIAL 65536 NEXT 1048576 MINEXTENTS 1 MAXEXTENTS 2147483645
  PCTINCREASE 0 FREELISTS 1 FREELIST GROUPS 1
  BUFFER_POOL DEFAULT FLASH_CACHE DEFAULT CELL_FLASH_CACHE DEFAULT)
  TABLESPACE "USERS"  ENABLE;
--------------------------------------------------------
--  Constraints for Table DETALLES_CARRITO
--------------------------------------------------------

  ALTER TABLE "PROYECTF"."DETALLES_CARRITO" ADD PRIMARY KEY ("ID_CARRITO", "ID_PRODUCTO")
  USING INDEX PCTFREE 10 INITRANS 2 MAXTRANS 255 
  STORAGE(INITIAL 65536 NEXT 1048576 MINEXTENTS 1 MAXEXTENTS 2147483645
  PCTINCREASE 0 FREELISTS 1 FREELIST GROUPS 1
  BUFFER_POOL DEFAULT FLASH_CACHE DEFAULT CELL_FLASH_CACHE DEFAULT)
  TABLESPACE "USERS"  ENABLE;
--------------------------------------------------------
--  Constraints for Table PRODUCTOS
--------------------------------------------------------

  ALTER TABLE "PROYECTF"."PRODUCTOS" MODIFY ("ID_PRODUCTO" NOT NULL ENABLE);
  ALTER TABLE "PROYECTF"."PRODUCTOS" MODIFY ("NOMBRE" NOT NULL ENABLE);
  ALTER TABLE "PROYECTF"."PRODUCTOS" MODIFY ("DESCRIPCION" NOT NULL ENABLE);
  ALTER TABLE "PROYECTF"."PRODUCTOS" MODIFY ("PRECIO" NOT NULL ENABLE);
  ALTER TABLE "PROYECTF"."PRODUCTOS" MODIFY ("CANTIDAD_EN_STOCK" NOT NULL ENABLE);
  ALTER TABLE "PROYECTF"."PRODUCTOS" MODIFY ("CATEGORIA_ID" NOT NULL ENABLE);
  ALTER TABLE "PROYECTF"."PRODUCTOS" ADD PRIMARY KEY ("ID_PRODUCTO")
  USING INDEX PCTFREE 10 INITRANS 2 MAXTRANS 255 
  STORAGE(INITIAL 65536 NEXT 1048576 MINEXTENTS 1 MAXEXTENTS 2147483645
  PCTINCREASE 0 FREELISTS 1 FREELIST GROUPS 1
  BUFFER_POOL DEFAULT FLASH_CACHE DEFAULT CELL_FLASH_CACHE DEFAULT)
  TABLESPACE "USERS"  ENABLE;
--------------------------------------------------------
--  Constraints for Table COLORES_PRODUCTOS
--------------------------------------------------------

  ALTER TABLE "PROYECTF"."COLORES_PRODUCTOS" MODIFY ("ID_COLOR" NOT NULL ENABLE);
  ALTER TABLE "PROYECTF"."COLORES_PRODUCTOS" ADD PRIMARY KEY ("ID_COLOR")
  USING INDEX PCTFREE 10 INITRANS 2 MAXTRANS 255 
  STORAGE(INITIAL 65536 NEXT 1048576 MINEXTENTS 1 MAXEXTENTS 2147483645
  PCTINCREASE 0 FREELISTS 1 FREELIST GROUPS 1
  BUFFER_POOL DEFAULT FLASH_CACHE DEFAULT CELL_FLASH_CACHE DEFAULT)
  TABLESPACE "USERS"  ENABLE;
--------------------------------------------------------
--  Constraints for Table RESENAS
--------------------------------------------------------

  ALTER TABLE "PROYECTF"."RESENAS" MODIFY ("ID_RESENA" NOT NULL ENABLE);
  ALTER TABLE "PROYECTF"."RESENAS" ADD PRIMARY KEY ("ID_RESENA")
  USING INDEX PCTFREE 10 INITRANS 2 MAXTRANS 255 
  TABLESPACE "USERS"  ENABLE;
--------------------------------------------------------
--  Ref Constraints for Table CARRITO
--------------------------------------------------------

  ALTER TABLE "PROYECTF"."CARRITO" ADD FOREIGN KEY ("ID_USUARIO")
	  REFERENCES "PROYECTF"."USUARIOS" ("ID_USUARIO") ENABLE;
--------------------------------------------------------
--  Ref Constraints for Table COLORES_PRODUCTOS
--------------------------------------------------------

  ALTER TABLE "PROYECTF"."COLORES_PRODUCTOS" ADD FOREIGN KEY ("ID_PRODUCTO")
	  REFERENCES "PROYECTF"."PRODUCTOS" ("ID_PRODUCTO") ENABLE;
--------------------------------------------------------
--  Ref Constraints for Table DETALLES_CARRITO
--------------------------------------------------------

  ALTER TABLE "PROYECTF"."DETALLES_CARRITO" ADD FOREIGN KEY ("ID_CARRITO")
	  REFERENCES "PROYECTF"."CARRITO" ("ID_CARRITO") ENABLE;
  ALTER TABLE "PROYECTF"."DETALLES_CARRITO" ADD FOREIGN KEY ("ID_PRODUCTO")
	  REFERENCES "PROYECTF"."PRODUCTOS" ("ID_PRODUCTO") ENABLE;
--------------------------------------------------------
--  Ref Constraints for Table DETALLES_TRANSACCION
--------------------------------------------------------

  ALTER TABLE "PROYECTF"."DETALLES_TRANSACCION" ADD FOREIGN KEY ("ID_TRANSACCION")
	  REFERENCES "PROYECTF"."TRANSACCIONES" ("ID_TRANSACCION") ENABLE;
  ALTER TABLE "PROYECTF"."DETALLES_TRANSACCION" ADD FOREIGN KEY ("ID_PRODUCTO")
	  REFERENCES "PROYECTF"."PRODUCTOS" ("ID_PRODUCTO") ENABLE;
--------------------------------------------------------
--  Ref Constraints for Table PRODUCTOS
--------------------------------------------------------

  ALTER TABLE "PROYECTF"."PRODUCTOS" ADD FOREIGN KEY ("CATEGORIA_ID")
	  REFERENCES "PROYECTF"."CATEGORIAS" ("ID_CATEGORIA") ENABLE;
--------------------------------------------------------
--  Ref Constraints for Table RESENAS
--------------------------------------------------------

  ALTER TABLE "PROYECTF"."RESENAS" ADD FOREIGN KEY ("ID_PRODUCTO")
	  REFERENCES "PROYECTF"."PRODUCTOS" ("ID_PRODUCTO") ENABLE;
  ALTER TABLE "PROYECTF"."RESENAS" ADD FOREIGN KEY ("ID_USUARIO")
	  REFERENCES "PROYECTF"."USUARIOS" ("ID_USUARIO") ENABLE;
--------------------------------------------------------
--  Ref Constraints for Table TRANSACCIONES
--------------------------------------------------------

  ALTER TABLE "PROYECTF"."TRANSACCIONES" ADD FOREIGN KEY ("ID_USUARIO")
	  REFERENCES "PROYECTF"."USUARIOS" ("ID_USUARIO") ENABLE;
